Player Name,Club,Position,Minutes,Goals,Assists,goals_per90,assists_per90,ga_per90
Ben White,Arsenal,DEF,1198,0,2,0.0,0.15025041736227043,0.15025041736227043
Bukayo Saka,Arsenal,MID,1735,6,10,0.31123919308357345,0.5187319884726225,0.8299711815561959
David Raya,Arsenal,GKP,3420,0,0,0.0,0.0,0.0
Declan Rice,Arsenal,MID,2833,4,7,0.12707377338510412,0.22237910342393222,0.34945287680903636
Ethan Nwaneri,Arsenal,MID,889,4,0,0.40494938132733405,0.0,0.40494938132733405
Gabriel Jesus,Arsenal,FWD,603,3,0,0.44776119402985076,0.0,0.44776119402985076
Gabriel Magalhães,Arsenal,DEF,2365,3,1,0.11416490486257928,0.03805496828752643,0.1522198731501057
Gabriel Martinelli,Arsenal,MID,2300,8,4,0.31304347826086953,0.15652173913043477,0.4695652173913043
Jakub Kiwior,Arsenal,DEF,1117,1,0,0.08057296329453895,0.0,0.08057296329453895
Jorginho,Arsenal,MID,702,0,0,0.0,0.0,0.0
Jurriën Timber,Arsenal,DEF,2422,1,3,0.037159372419488024,0.11147811725846407,0.1486374896779521
Kai Havertz,Arsenal,FWD,1874,9,3,0.43223052294557096,0.144076840981857,0.576307363927428
Kieran Tierney,Arsenal,DEF,252,1,0,0.35714285714285715,0.0,0.35714285714285715
Leandro Trossard,Arsenal,MID,2550,8,7,0.2823529411764706,0.24705882352941178,0.5294117647058824
Martin Ødegaard,Arsenal,MID,2328,3,8,0.11597938144329897,0.30927835051546393,0.42525773195876293
Mikel Merino,Arsenal,MID,1581,7,2,0.3984819734345351,0.11385199240986718,0.5123339658444023
Myles Lewis-Skelly,Arsenal,DEF,1370,1,0,0.06569343065693431,0.0,0.06569343065693431
Nathan Butler-Oyedeji,Arsenal,FWD,6,0,0,0.0,0.0,0.0
Neto,Arsenal,GKP,180,0,0,0.0,0.0,0.0
Oleksandr Zinchenko,Arsenal,DEF,522,0,0,0.0,0.0,0.0
Raheem Sterling,Arsenal,MID,496,0,2,0.0,0.3629032258064516,0.3629032258064516
Riccardo Calafiori,Arsenal,DEF,984,2,1,0.18292682926829268,0.09146341463414634,0.27439024390243905
Takehiro Tomiyasu,Arsenal,DEF,6,0,0,0.0,0.0,0.0
Thomas Partey,Arsenal,MID,2799,4,0,0.12861736334405144,0.0,0.12861736334405144
William Saliba,Arsenal,DEF,3041,2,0,0.0591910555738244,0.0,0.0591910555738244
Amadou Onana,Aston Villa,MID,1624,3,0,0.16625615763546797,0.0,0.16625615763546797
Andrés García,Aston Villa,DEF,317,0,0,0.0,0.0,0.0
Axel Disasi,Aston Villa,DEF,853,1,0,0.10550996483001172,0.0,0.10550996483001172
Boubacar Kamara,Aston Villa,MID,1725,1,0,0.05217391304347826,0.0,0.05217391304347826
Diego Carlos,Aston Villa,DEF,828,0,0,0.0,0.0,0.0
Donyell Malen,Aston Villa,FWD,298,3,0,0.9060402684563759,0.0,0.9060402684563759
Emiliano Buendía,Aston Villa,MID,89,0,0,0.0,0.0,0.0
Emiliano Martínez,Aston Villa,GKP,3195,0,0,0.0,0.0,0.0
Ezri Konsa,Aston Villa,DEF,2937,2,0,0.06128702757916241,0.0,0.06128702757916241
Ian Maatsen,Aston Villa,DEF,1128,1,2,0.0797872340425532,0.1595744680851064,0.2393617021276596
Jacob Ramsey,Aston Villa,MID,1628,1,3,0.05528255528255528,0.16584766584766586,0.22113022113022113
Jhon Durán,Aston Villa,FWD,626,7,0,1.0063897763578276,0.0,1.0063897763578276
John McGinn,Aston Villa,MID,2230,1,4,0.04035874439461883,0.16143497757847533,0.20179372197309417
Kosta Nedeljkovic,Aston Villa,DEF,121,0,0,0.0,0.0,0.0
Lamare Bogarde,Aston Villa,DEF,475,0,0,0.0,0.0,0.0
Leon Bailey,Aston Villa,MID,1143,1,2,0.07874015748031496,0.15748031496062992,0.23622047244094488
Lucas Digne,Aston Villa,DEF,2358,0,4,0.0,0.15267175572519084,0.15267175572519084
Marco Asensio,Aston Villa,DEF,745,3,1,0.3624161073825503,0.12080536912751677,0.4832214765100671
Marcus Rashford,Aston Villa,MID,1426,6,3,0.37868162692847124,0.18934081346423562,0.5680224403927069
Matty Cash,Aston Villa,DEF,2077,1,1,0.04333172845450168,0.04333172845450168,0.08666345690900336
Morgan Rogers,Aston Villa,MID,3129,8,10,0.23010546500479387,0.28763183125599234,0.5177372962607862
Ollie Watkins,Aston Villa,FWD,2610,16,8,0.5517241379310345,0.27586206896551724,0.8275862068965517
Pau Torres,Aston Villa,DEF,2020,0,0,0.0,0.0,0.0
Robin Olsen,Aston Villa,GKP,225,0,0,0.0,0.0,0.0
Ross Barkley,Aston Villa,MID,569,3,1,0.47451669595782076,0.15817223198594024,0.632688927943761
Tyrone Mings,Aston Villa,DEF,1121,0,0,0.0,0.0,0.0
Youri Tielemans,Aston Villa,MID,3032,3,7,0.08905013192612136,0.20778364116094986,0.2968337730870712
Adam Smith,Bournemouth,DEF,1596,0,0,0.0,0.0,0.0
Alex Scott,Bournemouth,MID,751,0,0,0.0,0.0,0.0
Antoine Semenyo,Bournemouth,MID,3209,0,5,0.0,0.14023060143346835,0.14023060143346835
Ben Winterburn,Bournemouth,MID,22,0,0,0.0,0.0,0.0
Dango Ouattara,Bournemouth,MID,2006,7,0,0.3140578265204387,0.0,0.3140578265204387
Daniel Jebbison,Bournemouth,FWD,105,1,0,0.8571428571428571,0.0,0.8571428571428571
David Brooks,Bournemouth,MID,949,2,0,0.18967334035827188,0.0,0.18967334035827188
Dean Huijsen,Bournemouth,DEF,2422,3,2,0.11147811725846407,0.07431874483897605,0.18579686209744012
Enes Ünal,Bournemouth,FWD,331,2,0,0.5438066465256798,0.0,0.5438066465256798
Evanilson,Bournemouth,FWD,2335,0,1,0.0,0.03854389721627409,0.03854389721627409
Illia Zabarnyi,Bournemouth,DEF,3113,0,0,0.0,0.0,0.0
James Hill,Bournemouth,DEF,448,0,0,0.0,0.0,0.0
Julián Araujo,Bournemouth,DEF,497,0,0,0.0,0.0,0.0
Julio Soler,Bournemouth,DEF,9,0,0,0.0,0.0,0.0
Justin Kluivert,Bournemouth,MID,2356,0,0,0.0,0.0,0.0
Kepa,Bournemouth,GKP,2790,0,0,0.0,0.0,0.0
Lewis Cook,Bournemouth,MID,2978,1,3,0.03022162525184688,0.09066487575554064,0.12088650100738751
Lloyd Kelly,Bournemouth,DEF,301,0,1,0.0,0.29900332225913623,0.29900332225913623
Luis Sinisterra,Bournemouth,MID,230,1,0,0.391304347826087,0.0,0.391304347826087
Marcos Senesi,Bournemouth,DEF,1108,0,0,0.0,0.0,0.0
Marcus Tavernier,Bournemouth,MID,1938,3,5,0.1393188854489164,0.23219814241486067,0.37151702786377705
Mark Travers,Bournemouth,GKP,450,0,0,0.0,0.0,0.0
Max Aarons,Bournemouth,DEF,85,0,0,0.0,0.0,0.0
Milos Kerkez,Bournemouth,DEF,3342,2,5,0.05385996409335727,0.13464991023339318,0.18850987432675045
Philip Billing,Bournemouth,MID,176,0,0,0.0,0.0,0.0
Remy Rees-Dottin,Bournemouth,FWD,1,0,0,0.0,0.0,0.0
Ryan Christie,Bournemouth,MID,2131,2,3,0.08446738620366026,0.12670107930549038,0.21116846550915064
Tyler Adams,Bournemouth,MID,1965,0,3,0.0,0.13740458015267176,0.13740458015267176
Zain Silcott-Duberry,Bournemouth,FWD,1,0,0,0.0,0.0,0.0
Ben Mee,Brentford,DEF,181,0,0,0.0,0.0,0.0
Bryan Mbeumo,Brentford,MID,3415,20,7,0.527086383601757,0.18448023426061494,0.7115666178623719
Christian Nørgaard,Brentford,MID,2829,5,0,0.15906680805938495,0.0,0.15906680805938495
Ethan Pinnock,Brentford,DEF,1913,2,0,0.09409304756926293,0.0,0.09409304756926293
Fábio Carvalho,Brentford,FWD,446,2,1,0.40358744394618834,0.20179372197309417,0.6053811659192825
Frank Onyeka,Brentford,MID,23,0,0,0.0,0.0,0.0
Gustavo Nunes,Brentford,FWD,11,0,0,0.0,0.0,0.0
Hákon Valdimarsson,Brentford,GKP,144,0,0,0.0,0.0,0.0
Igor Thiago,Brentford,FWD,168,0,0,0.0,0.0,0.0
Jayden Meghoma,Brentford,DEF,4,0,0,0.0,0.0,0.0
Keane Lewis-Potter,Brentford,MID,3101,1,3,0.029022895840051598,0.08706868752015479,0.11609158336020639
Kevin Schade,Brentford,MID,2301,0,2,0.0,0.07822685788787484,0.07822685788787484
Kim Ji-Soo,Brentford,DEF,28,0,0,0.0,0.0,0.0
Kristoffer Ajer,Brentford,DEF,1441,0,0,0.0,0.0,0.0
Mads Roerslev,Brentford,DEF,1096,0,0,0.0,0.0,0.0
Mark Flekken,Brentford,GKP,3276,0,2,0.0,0.054945054945054944,0.054945054945054944
Mathias Jensen,Brentford,MID,852,0,2,0.0,0.2112676056338028,0.2112676056338028
Michael Kayode,Brentford,DEF,528,0,0,0.0,0.0,0.0
Mikkel Damsgaard,Brentford,MID,2926,2,10,0.06151742993848257,0.30758714969241285,0.36910457963089544
Nathan Collins,Brentford,DEF,3420,2,3,0.05263157894736842,0.07894736842105263,0.13157894736842105
Paris Maghoma,Brentford,MID,112,0,0,0.0,0.0,0.0
Rico Henry,Brentford,DEF,94,0,0,0.0,0.0,0.0
Ryan Trevitt,Brentford,MID,3,0,0,0.0,0.0,0.0
Sepp van den Berg,Brentford,DEF,2588,0,0,0.0,0.0,0.0
Vitaly Janelt,Brentford,MID,2266,1,3,0.03971756398940865,0.11915269196822595,0.1588702559576346
Yehor Yarmoliuk,Brentford,MID,1442,0,0,0.0,0.0,0.0
Yoane Wissa,Brentford,FWD,2927,19,0,0.5842159207379569,0.0,0.5842159207379569
Yunus Konak,Brentford,MID,36,0,0,0.0,0.0,0.0
Jakub Moder,Brighton,MID,9,0,0,0.0,0.0,0.0
James Milner,Brighton,MID,173,0,0,0.0,0.0,0.0
Adam Webster,Brighton & Hove Albion,DEF,888,0,0,0.0,0.0,0.0
Bart Verbruggen,Brighton & Hove Albion,GKP,3240,0,0,0.0,0.0,0.0
Billy Gilmour,Brighton & Hove Albion,MID,97,0,0,0.0,0.0,0.0
Brajan Gruda,Brighton & Hove Albion,MID,681,1,4,0.13215859030837004,0.5286343612334802,0.6607929515418502
Carlos Baleba,Brighton & Hove Albion,MID,2670,3,1,0.10112359550561797,0.033707865168539325,0.1348314606741573
Danny Welbeck,Brighton & Hove Albion,FWD,2122,10,0,0.4241281809613572,0.0,0.4241281809613572
Diego Gómez,Brighton & Hove Albion,MID,512,1,0,0.17578125,0.0,0.17578125
Eiran Cashin,Brighton & Hove Albion,DEF,19,0,0,0.0,0.0,0.0
Ferdi Kadioglu,Brighton & Hove Albion,DEF,388,1,0,0.23195876288659795,0.0,0.23195876288659795
Georginio Rutter,Brighton & Hove Albion,MID,1666,5,3,0.2701080432172869,0.16206482593037214,0.432172869147659
Harry Howell,Brighton & Hove Albion,MID,6,0,0,0.0,0.0,0.0
Igor Julio,Brighton & Hove Albion,DEF,960,0,0,0.0,0.0,0.0
Jack Hinshelwood,Brighton & Hove Albion,MID,1846,5,2,0.2437703141928494,0.09750812567713975,0.3412784398699891
Jan Paul van Hecke,Brighton & Hove Albion,DEF,2959,1,0,0.03041568097330179,0.0,0.03041568097330179
Jason Steele,Brighton & Hove Albion,GKP,180,0,0,0.0,0.0,0.0
Jeremy Sarmiento,Brighton & Hove Albion,MID,8,0,0,0.0,0.0,0.0
João Pedro,Brighton & Hove Albion,FWD,1953,10,0,0.4608294930875576,0.0,0.4608294930875576
Joël Veltman,Brighton & Hove Albion,DEF,1699,0,0,0.0,0.0,0.0
Kaoru Mitoma,Brighton & Hove Albion,FWD,2608,10,4,0.3450920245398773,0.13803680981595093,0.4831288343558282
Lewis Dunk,Brighton & Hove Albion,DEF,2083,0,0,0.0,0.0,0.0
Mats Wieffer,Brighton & Hove Albion,MID,1008,1,0,0.08928571428571429,0.0,0.08928571428571429
Matt O'Riley,Brighton & Hove Albion,MID,937,2,0,0.192102454642476,0.0,0.192102454642476
Pervis Estupiñán,Brighton & Hove Albion,DEF,2403,1,1,0.03745318352059925,0.03745318352059925,0.0749063670411985
Simon Adingra,Brighton & Hove Albion,MID,1091,2,2,0.16498625114573787,0.16498625114573787,0.32997250229147573
Solly March,Brighton & Hove Albion,MID,162,0,0,0.0,0.0,0.0
Tariq Lamptey,Brighton & Hove Albion,DEF,860,2,2,0.20930232558139536,0.20930232558139536,0.4186046511627907
Yankuba Minteh,Brighton & Hove Albion,MID,1841,6,4,0.2933188484519283,0.1955458989679522,0.4888647474198805
Yasin Ayari,Brighton & Hove Albion,MID,1966,2,1,0.09155645981688708,0.04577822990844354,0.1373346897253306
Benoît Badiashile,Chelsea,DEF,333,0,0,0.0,0.0,0.0
Christopher Nkunku,Chelsea,MID,911,3,0,0.296377607025247,0.0,0.296377607025247
Cole Palmer,Chelsea,MID,3195,15,8,0.4225352112676056,0.22535211267605634,0.647887323943662
Enzo Fernández,Chelsea,MID,2946,6,7,0.18329938900203666,0.21384928716904275,0.3971486761710794
Filip Jørgensen,Chelsea,GKP,540,0,0,0.0,0.0,0.0
Jadon Sancho,Chelsea,MID,1764,3,0,0.1530612244897959,0.0,0.1530612244897959
João Félix,Chelsea,FWD,364,1,1,0.24725274725274726,0.24725274725274726,0.4945054945054945
Josh Acheampong,Chelsea,DEF,169,0,0,0.0,0.0,0.0
Kiernan Dewsbury-Hall,Chelsea,MID,259,0,1,0.0,0.3474903474903475,0.3474903474903475
Levi Colwill,Chelsea,DEF,3149,2,1,0.057161003493172435,0.028580501746586218,0.08574150523975865
Malo Gusto,Chelsea,DEF,1858,0,0,0.0,0.0,0.0
Marc Cucurella,Chelsea,DEF,2989,5,1,0.15055202408832385,0.030110404817664773,0.18066242890598863
Marc Guiu,Chelsea,DEF,71,0,0,0.0,0.0,0.0
Mathis Amougou,Chelsea,MID,7,0,0,0.0,0.0,0.0
Moisés Caicedo,Chelsea,MID,3356,1,2,0.0268176400476758,0.0536352800953516,0.0804529201430274
Mykhailo Mudryk,Chelsea,MID,145,0,0,0.0,0.0,0.0
Nicolas Jackson,Chelsea,FWD,2238,10,5,0.40214477211796246,0.20107238605898123,0.6032171581769437
Noni Madueke,Chelsea,MID,2046,7,3,0.30791788856304986,0.13196480938416422,0.4398826979472141
Pedro Neto,Chelsea,MID,2268,4,0,0.15873015873015872,0.0,0.15873015873015872
Reece James,Chelsea,DEF,1064,1,0,0.08458646616541353,0.0,0.08458646616541353
Renato Veiga,Chelsea,MID,177,0,0,0.0,0.0,0.0
Robert Sánchez,Chelsea,GKP,2880,0,0,0.0,0.0,0.0
Roméo Lavia,Chelsea,MID,801,0,1,0.0,0.11235955056179775,0.11235955056179775
Shumaira Mheuka,Chelsea,FWD,1,0,0,0.0,0.0,0.0
Tosin Adarabioyo,Chelsea,DEF,1404,1,1,0.06410256410256411,0.06410256410256411,0.12820512820512822
Trevoh Chalobah,Chelsea,DEF,1974,3,1,0.13677811550151975,0.04559270516717325,0.182370820668693
Tyrique George,Chelsea,FWD,178,1,0,0.5056179775280899,0.0,0.5056179775280899
Wesley Fofana,Chelsea,DEF,1176,0,0,0.0,0.0,0.0
Adam Wharton,Crystal Palace,MID,1326,0,2,0.0,0.13574660633484165,0.13574660633484165
Asher Agbinone,Crystal Palace,FWD,4,0,0,0.0,0.0,0.0
Ben Chilwell,Crystal Palace,DEF,254,1,0,0.3543307086614173,0.0,0.3543307086614173
Caleb Kporha,Crystal Palace,DEF,11,0,0,0.0,0.0,0.0
Chadi Riad,Crystal Palace,DEF,90,0,0,0.0,0.0,0.0
Cheick Doucouré,Crystal Palace,MID,445,0,0,0.0,0.0,0.0
Chris Richards,Crystal Palace,DEF,1924,1,0,0.04677754677754678,0.0,0.04677754677754678
Daichi Kamada,Crystal Palace,MID,1553,0,0,0.0,0.0,0.0
Daniel Muñoz,Crystal Palace,DEF,3233,4,5,0.11135168574079801,0.13918960717599752,0.2505412929167955
Dean Henderson,Crystal Palace,GKP,3420,0,0,0.0,0.0,0.0
Eberechi Eze,Crystal Palace,MID,2600,8,8,0.27692307692307694,0.27692307692307694,0.5538461538461539
Eddie Nketiah,Crystal Palace,FWD,1026,3,0,0.2631578947368421,0.0,0.2631578947368421
Ismaïla Sarr,Crystal Palace,MID,2714,8,6,0.26529108327192336,0.19896831245394253,0.4642593957258659
Jean-Philippe Mateta,Crystal Palace,FWD,2654,14,2,0.47475508666164284,0.06782215523737754,0.5425772418990203
Jefferson Lerma,Crystal Palace,MID,2277,0,1,0.0,0.039525691699604744,0.039525691699604744
Jeffrey Schlupp,Crystal Palace,MID,95,0,0,0.0,0.0,0.0
Joel Ward,Crystal Palace,DEF,72,0,0,0.0,0.0,0.0
Jordan Ayew,Crystal Palace,MID,1664,5,0,0.27043269230769235,0.0,0.27043269230769235
Justin Devenny,Crystal Palace,MID,496,1,1,0.1814516129032258,0.1814516129032258,0.3629032258064516
Marc Guéhi,Crystal Palace,DEF,3059,3,2,0.08826413860738803,0.058842759071592025,0.14710689767898005
Matheus França,Crystal Palace,MID,52,1,0,1.7307692307692308,0.0,1.7307692307692308
Maxence Lacroix,Crystal Palace,DEF,3118,1,1,0.028864656831302116,0.028864656831302116,0.05772931366260423
Nathaniel Clyne,Crystal Palace,DEF,481,0,0,0.0,0.0,0.0
Romain Esse,Crystal Palace,MID,135,1,1,0.6666666666666666,0.6666666666666666,1.3333333333333333
Tyrick Mitchell,Crystal Palace,DEF,3102,0,5,0.0,0.1450676982591876,0.1450676982591876
Will Hughes,Crystal Palace,MID,2118,0,3,0.0,0.1274787535410765,0.1274787535410765
Abdoulaye Doucouré,Everton,MID,2577,3,2,0.10477299185098952,0.06984866123399301,0.17462165308498254
Adam Armstrong,Everton,FWD,1252,2,2,0.14376996805111822,0.14376996805111822,0.28753993610223644
Armando Broja,Everton,FWD,331,0,0,0.0,0.0,0.0
Ashley Young,Everton,DEF,1869,1,3,0.048154093097913325,0.14446227929373998,0.1926163723916533
Beto,Everton,FWD,1528,8,0,0.4712041884816754,0.0,0.4712041884816754
Carlos Alcaraz,Everton,MID,770,2,3,0.23376623376623376,0.35064935064935066,0.5844155844155844
Dominic Calvert-Lewin,Everton,FWD,1613,3,1,0.16738995660260386,0.05579665220086795,0.2231866088034718
Dwight McNeil,Everton,MID,1371,4,0,0.262582056892779,0.0,0.262582056892779
Harrison Armstrong,Everton,MID,47,0,0,0.0,0.0,0.0
Idrissa Gueye,Everton,MID,3067,0,3,0.0,0.08803390935767852,0.08803390935767852
Iliman Ndiaye,Everton,FWD,2440,9,0,0.3319672131147541,0.0,0.3319672131147541
Jack Harrison,Everton,MID,2083,1,0,0.04320691310609697,0.0,0.04320691310609697
Jake O'Brien,Everton,MID,1569,2,0,0.1147227533460803,0.0,0.1147227533460803
James Garner,Everton,MID,1594,0,1,0.0,0.05646173149309912,0.05646173149309912
James Tarkowski,Everton,DEF,2924,1,0,0.030779753761969907,0.0,0.030779753761969907
Jarrad Branthwaite,Everton,DEF,2510,0,1,0.0,0.035856573705179286,0.035856573705179286
Jesper Lindstrøm,Everton,MID,1240,0,1,0.0,0.07258064516129031,0.07258064516129031
Jordan Pickford,Everton,GKP,3420,0,0,0.0,0.0,0.0
Michael Keane,Everton,DEF,1046,3,0,0.25812619502868067,0.0,0.25812619502868067
Nathan Patterson,Everton,DEF,345,0,0,0.0,0.0,0.0
Orel Mangala,Everton,MID,1255,1,0,0.07171314741035857,0.0,0.07171314741035857
Roman Dixon,Everton,DEF,90,0,0,0.0,0.0,0.0
Séamus Coleman,Everton,DEF,215,0,0,0.0,0.0,0.0
Tim Iroegbunam,Everton,MID,564,0,0,0.0,0.0,0.0
Vitalii Mykolenko,Everton,DEF,3084,1,0,0.029182879377431907,0.0,0.029182879377431907
Youssef Chermiti,Everton,FWD,42,0,0,0.0,0.0,0.0
Adama Traoré,Fulham,MID,1769,2,7,0.10175240248728096,0.3561334087054833,0.4578858111927643
Alex Iwobi,Fulham,MID,2994,9,0,0.27054108216432865,0.0,0.27054108216432865
Andreas Pereira,Fulham,MID,2022,2,4,0.08902077151335312,0.17804154302670624,0.26706231454005935
Antonee Robinson,Fulham,DEF,3167,0,10,0.0,0.2841806125670982,0.2841806125670982
Bernd Leno,Fulham,GKP,3420,0,1,0.0,0.02631578947368421,0.02631578947368421
Calvin Bassey,Fulham,DEF,3074,1,0,0.029277813923227064,0.0,0.029277813923227064
Carlos Vinícius,Fulham,MID,13,0,0,0.0,0.0,0.0
Emile Smith Rowe,Fulham,MID,2061,6,3,0.26200873362445415,0.13100436681222707,0.39301310043668125
Harrison Reed,Fulham,MID,92,0,0,0.0,0.0,0.0
Harry Wilson,Fulham,MID,1157,6,0,0.46672428694900603,0.0,0.46672428694900603
Issa Diop,Fulham,DEF,1335,0,0,0.0,0.0,0.0
Jay Stansfield,Fulham,FWD,1,0,0,0.0,0.0,0.0
Joachim Andersen,Fulham,DEF,2663,0,0,0.0,0.0,0.0
Jorge Cuenca,Fulham,DEF,350,0,0,0.0,0.0,0.0
Josh King,Fulham,GKP,126,0,0,0.0,0.0,0.0
Kenny Tete,Fulham,DEF,1779,0,2,0.0,0.10118043844856661,0.10118043844856661
Martial Godo,Fulham,FWD,21,0,0,0.0,0.0,0.0
Raúl Jiménez,Fulham,FWD,2505,0,3,0.0,0.10778443113772455,0.10778443113772455
Reiss Nelson,Fulham,MID,488,1,1,0.1844262295081967,0.1844262295081967,0.3688524590163934
Rodrigo Muniz,Fulham,FWD,951,8,1,0.7570977917981073,0.09463722397476342,0.8517350157728707
Ryan Sessegnon,Fulham,DEF,580,4,2,0.6206896551724138,0.3103448275862069,0.9310344827586208
Sander Berge,Fulham,MID,2227,0,0,0.0,0.0,0.0
Sasa Lukic,Fulham,MID,2355,0,2,0.0,0.07643312101910828,0.07643312101910828
Timothy Castagne,Fulham,DEF,1643,0,1,0.0,0.05477784540474741,0.05477784540474741
Tom Cairney,Fulham,MID,615,2,0,0.29268292682926833,0.0,0.29268292682926833
Willian,Fulham,FWD,253,0,0,0.0,0.0,0.0
Alex Palmer,Ipswich Town,MID,1170,0,0,0.0,0.0,0.0
Ali Al-Hamadi,Ipswich Town,FWD,125,0,0,0.0,0.0,0.0
Arijanet Muric,Ipswich Town,GKP,1620,0,0,0.0,0.0,0.0
Axel Tuanzebe,Ipswich Town,DEF,1717,0,0,0.0,0.0,0.0
Ben Godfrey,Ipswich Town,DEF,159,0,0,0.0,0.0,0.0
Ben Johnson,Ipswich Town,DEF,1348,1,2,0.06676557863501484,0.13353115727002968,0.20029673590504452
Cameron Burgess,Ipswich Town,DEF,1540,0,2,0.0,0.11688311688311688,0.11688311688311688
Christian Walton,Ipswich Town,GKP,630,0,0,0.0,0.0,0.0
Conor Chaplin,Ipswich Town,MID,854,1,1,0.1053864168618267,0.1053864168618267,0.2107728337236534
Conor Townsend,Ipswich Town,DEF,335,0,0,0.0,0.0,0.0
Dara O'Shea,Ipswich Town,DEF,3123,0,0,0.0,0.0,0.0
George Edmundson,Ipswich Town,DEF,1,0,0,0.0,0.0,0.0
George Hirst,Ipswich Town,FWD,649,3,0,0.4160246533127889,0.0,0.4160246533127889
Harry Clarke,Ipswich Town,DEF,378,0,0,0.0,0.0,0.0
Jack Clarke,Ipswich Town,FWD,1170,0,4,0.0,0.3076923076923077,0.3076923076923077
Jack Taylor,Ipswich Town,MID,838,1,0,0.10739856801909307,0.0,0.10739856801909307
Jacob Greaves,Ipswich Town,DEF,2205,1,0,0.04081632653061224,0.0,0.04081632653061224
Jaden Philogene,Ipswich Town,MID,800,2,0,0.22499999999999998,0.0,0.22499999999999998
Jens Cajuste,Ipswich Town,MID,1976,1,1,0.04554655870445344,0.04554655870445344,0.09109311740890688
Julio Enciso,Ipswich Town,MID,1164,2,3,0.15463917525773196,0.23195876288659795,0.3865979381443299
Kalvin Phillips,Ipswich Town,MID,1239,0,0,0.0,0.0,0.0
Leif Davis,Ipswich Town,DEF,2746,1,2,0.03277494537509104,0.06554989075018208,0.09832483612527312
Liam Delap,Ipswich Town,FWD,2612,0,2,0.0,0.06891271056661562,0.06891271056661562
Luke Woolfenden,Ipswich Town,DEF,1186,0,0,0.0,0.0,0.0
Marcus Harness,Ipswich Town,MID,43,0,0,0.0,0.0,0.0
Massimo Luongo,Ipswich Town,MID,197,0,0,0.0,0.0,0.0
Nathan Broadhead,Ipswich Town,MID,696,2,0,0.25862068965517243,0.0,0.25862068965517243
Omari Hutchinson,Ipswich Town,MID,2590,3,2,0.10424710424710425,0.0694980694980695,0.17374517374517373
Sam Morsy,Ipswich Town,MID,2753,1,1,0.03269160915365056,0.03269160915365056,0.06538321830730112
Sam Szmodics,Ipswich Town,FWD,1001,4,0,0.3596403596403597,0.0,0.3596403596403597
Abdul Fatawu,Leicester City,MID,577,0,2,0.0,0.3119584055459272,0.3119584055459272
Bilal El Khannouss,Leicester City,MID,2193,2,3,0.08207934336525308,0.12311901504787962,0.2051983584131327
Bobby De Cordova-Reid,Leicester City,MID,742,1,2,0.12129380053908358,0.24258760107816715,0.36388140161725074
Boubakary Soumaré,Leicester City,MID,2170,0,0,0.0,0.0,0.0
Caleb Okoli,Leicester City,DEF,1122,1,0,0.08021390374331551,0.0,0.08021390374331551
Conor Coady,Leicester City,DEF,1713,1,0,0.052539404553415055,0.0,0.052539404553415055
Danny Ward,Leicester City,GKP,135,0,0,0.0,0.0,0.0
Facundo Buonanotte,Leicester City,MID,1513,5,2,0.29742233972240584,0.11896893588896233,0.4163912756113682
Hamza Choudhury,Leicester City,MID,130,0,0,0.0,0.0,0.0
Harry Winks,Leicester City,MID,1540,0,2,0.0,0.11688311688311688,0.11688311688311688
Jake Evans,Leicester City,FWD,21,0,0,0.0,0.0,0.0
Jakub Stolarczyk,Leicester City,GKP,900,0,0,0.0,0.0,0.0
James Justin,Leicester City,DEF,2920,2,2,0.06164383561643836,0.06164383561643836,0.12328767123287672
Jamie Vardy,Leicester City,FWD,2839,9,0,0.28531172948221206,0.0,0.28531172948221206
Jannik Vestergaard,Leicester City,DEF,1395,0,0,0.0,0.0,0.0
Jeremy Monga,Leicester City,FWD,105,0,0,0.0,0.0,0.0
Kasey McAteer,Leicester City,MID,852,1,1,0.1056338028169014,0.1056338028169014,0.2112676056338028
Luke Thomas,Leicester City,DEF,1112,0,0,0.0,0.0,0.0
Mads Hermansen,Leicester City,GKP,2385,0,0,0.0,0.0,0.0
Michael Golding,Leicester City,MID,1,0,0,0.0,0.0,0.0
Odsonne Édouard,Leicester City,FWD,142,0,0,0.0,0.0,0.0
Olabade Aluko,Leicester City,DEF,1,0,0,0.0,0.0,0.0
Oliver Skipp,Leicester City,MID,1120,0,0,0.0,0.0,0.0
Patson Daka,Leicester City,FWD,721,1,0,0.12482662968099861,0.0,0.12482662968099861
Ricardo Pereira,Leicester City,DEF,385,0,0,0.0,0.0,0.0
Stephy Mavididi,Leicester City,MID,1613,4,1,0.2231866088034718,0.05579665220086795,0.27898326100433973
Victor Kristiansen,Leicester City,DEF,2489,0,1,0.0,0.03615910004017678,0.03615910004017678
Wilfred Ndidi,Leicester City,MID,2336,0,5,0.0,0.19263698630136986,0.19263698630136986
Will Alves,Leicester City,FWD,1,0,0,0.0,0.0,0.0
Wout Faes,Leicester City,DEF,2812,1,0,0.032005689900426744,0.0,0.032005689900426744
Woyo Coulibaly,Leicester City,DEF,107,0,0,0.0,0.0,0.0
Alexis Mac Allister,Liverpool,MID,2607,5,5,0.17261219792865362,0.17261219792865362,0.34522439585730724
Alisson Becker,Liverpool,GKP,2509,0,0,0.0,0.0,0.0
Andy Robertson,Liverpool,DEF,2492,0,0,0.0,0.0,0.0
Caoimhín Kelleher,Liverpool,GKP,900,0,0,0.0,0.0,0.0
Cody Gakpo,Liverpool,FWD,1938,10,4,0.46439628482972134,0.18575851393188852,0.6501547987616099
Conor Bradley,Liverpool,DEF,748,0,2,0.0,0.24064171122994651,0.24064171122994651
Curtis Jones,Liverpool,MID,1710,3,3,0.15789473684210525,0.15789473684210525,0.3157894736842105
Darwin Núñez,Liverpool,FWD,1118,5,0,0.4025044722719141,0.0,0.4025044722719141
Diogo Jota,Liverpool,FWD,1194,6,3,0.4522613065326633,0.22613065326633164,0.6783919597989949
Dominik Szoboszlai,Liverpool,MID,2496,6,6,0.21634615384615383,0.21634615384615383,0.43269230769230765
Federico Chiesa,Liverpool,FWD,104,0,0,0.0,0.0,0.0
Harvey Elliott,Liverpool,MID,360,1,2,0.25,0.5,0.75
Ibrahima Konaté,Liverpool,DEF,2565,1,2,0.03508771929824561,0.07017543859649122,0.10526315789473684
Jarell Quansah,Liverpool,DEF,488,0,0,0.0,0.0,0.0
Jayden Danns,Liverpool,MID,10,0,0,0.0,0.0,0.0
Joe Gomez,Liverpool,DEF,519,0,0,0.0,0.0,0.0
Kostas Tsimikas,Liverpool,DEF,833,0,0,0.0,0.0,0.0
Luis Díaz,Liverpool,MID,2410,0,5,0.0,0.18672199170124482,0.18672199170124482
Mohamed Salah,Liverpool,MID,3377,29,18,0.7728753331359194,0.47971572401539825,1.2525910571513177
Ryan Gravenberch,Liverpool,MID,3168,0,4,0.0,0.11363636363636363,0.11363636363636363
Trent Alexander-Arnold,Liverpool,DEF,2377,3,6,0.11358855700462768,0.22717711400925536,0.34076567101388305
Virgil van Dijk,Liverpool,DEF,3330,3,0,0.08108108108108109,0.0,0.08108108108108109
Vítezslav Jaros,Liverpool,GKP,11,0,0,0.0,0.0,0.0
Wataru Endo,Liverpool,MID,261,0,0,0.0,0.0,0.0
Abdukodir Khusanov,Manchester City,DEF,504,0,0,0.0,0.0,0.0
Bernardo Silva,Manchester City,MID,2667,4,0,0.13498312710911137,0.0,0.13498312710911137
Claudio Echeverri,Manchester City,FWD,5,0,0,0.0,0.0,0.0
Divin Mubama,Manchester City,FWD,27,0,0,0.0,0.0,0.0
Ederson,Manchester City,GKP,2321,0,0,0.0,0.0,0.0
Erling Haaland,Manchester City,FWD,2741,22,3,0.7223641006931777,0.09850419554906968,0.8208682962422473
Ilkay Gündogan,Manchester City,MID,2227,1,0,0.04041311180960934,0.0,0.04041311180960934
Jack Grealish,Manchester City,MID,715,1,0,0.12587412587412586,0.0,0.12587412587412586
Jahmai Simpson-Pusey,Manchester City,DEF,95,0,0,0.0,0.0,0.0
James McAtee,Manchester City,MID,342,3,0,0.7894736842105263,0.0,0.7894736842105263
Jérémy Doku,Manchester City,MID,1513,3,6,0.1784534038334435,0.356906807666887,0.5353602115003304
John Stones,Manchester City,DEF,545,2,0,0.3302752293577982,0.0,0.3302752293577982
Josko Gvardiol,Manchester City,DEF,3279,5,0,0.1372369624885636,0.0,0.1372369624885636
Kevin De Bruyne,Manchester City,MID,1704,4,7,0.2112676056338028,0.36971830985915494,0.5809859154929577
Kyle Walker,Manchester City,DEF,967,0,0,0.0,0.0,0.0
Manuel Akanji,Manchester City,DEF,2014,0,0,0.0,0.0,0.0
Mateo Kovacic,Manchester City,MID,2202,6,2,0.2452316076294278,0.08174386920980926,0.32697547683923706
Matheus Nunes,Manchester City,MID,1673,1,0,0.05379557680812911,0.0,0.05379557680812911
Nathan Aké,Manchester City,DEF,682,0,0,0.0,0.0,0.0
Nico González,Manchester City,MID,763,1,0,0.11795543905635648,0.0,0.11795543905635648
Nico O'Reilly,Manchester City,DEF,527,2,0,0.3415559772296015,0.0,0.3415559772296015
Omar Marmoush,Manchester City,FWD,1182,7,0,0.5329949238578681,0.0,0.5329949238578681
Oscar Bobb,Manchester City,MID,14,0,0,0.0,0.0,0.0
Phil Foden,Manchester City,MID,1779,7,2,0.35413153456998314,0.10118043844856661,0.45531197301854975
Rico Lewis,Manchester City,DEF,1891,1,2,0.047593865679534636,0.09518773135906927,0.1427815970386039
Rodri,Manchester City,MID,73,0,0,0.0,0.0,0.0
Rúben Dias,Manchester City,DEF,2269,0,0,0.0,0.0,0.0
Savinho,Manchester City,FWD,1770,1,8,0.05084745762711864,0.4067796610169491,0.45762711864406774
Stefan Ortega,Manchester City,GKP,1099,0,0,0.0,0.0,0.0
Vitor Reis,Manchester City,DEF,1,0,0,0.0,0.0,0.0
Wes Burns,Manchester City,MID,933,0,1,0.0,0.09646302250803858,0.09646302250803858
Alejandro Garnacho,Manchester United,MID,2195,6,2,0.2460136674259681,0.08200455580865604,0.32801822323462415
Altay Bayindir,Manchester United,GKP,360,0,0,0.0,0.0,0.0
Amad Diallo,Manchester United,MID,1901,8,6,0.3787480273540242,0.2840610205155181,0.6628090478695423
André Onana,Manchester United,GKP,3060,0,0,0.0,0.0,0.0
Antony,Manchester United,DEF,135,0,0,0.0,0.0,0.0
Ayden Heaven,Manchester United,DEF,171,0,0,0.0,0.0,0.0
Bruno Fernandes,Manchester United,MID,3024,8,10,0.23809523809523808,0.2976190476190476,0.5357142857142857
Casemiro,Manchester United,MID,1497,1,0,0.06012024048096193,0.0,0.06012024048096193
Chido Obi,Manchester United,FWD,160,0,0,0.0,0.0,0.0
Christian Eriksen,Manchester United,MID,1059,1,2,0.08498583569405098,0.16997167138810196,0.2549575070821529
Diogo Dalot,Manchester United,DEF,2813,0,3,0.0,0.09598293636686811,0.09598293636686811
Harry Amass,Manchester United,DEF,346,0,0,0.0,0.0,0.0
Harry Maguire,Manchester United,DEF,1757,1,0,0.05122367672168469,0.0,0.05122367672168469
Jonny Evans,Manchester United,DEF,314,0,0,0.0,0.0,0.0
Joshua Zirkzee,Manchester United,FWD,1392,3,0,0.1939655172413793,0.0,0.1939655172413793
Kobbie Mainoo,Manchester United,MID,1656,0,0,0.0,0.0,0.0
Leny Yoro,Manchester United,DEF,1162,0,0,0.0,0.0,0.0
Lisandro Martínez,Manchester United,DEF,1754,2,1,0.10262257696693274,0.05131128848346637,0.1539338654503991
Luke Shaw,Manchester United,DEF,348,0,0,0.0,0.0,0.0
Manuel Ugarte,Manchester United,MID,1789,1,2,0.05030743432084964,0.10061486864169927,0.1509223029625489
Mason Mount,Manchester United,MID,621,1,0,0.14492753623188406,0.0,0.14492753623188406
Matthijs de Ligt,Manchester United,DEF,2128,2,0,0.08458646616541353,0.0,0.08458646616541353
Noussair Mazraoui,Manchester United,DEF,2848,0,1,0.0,0.03160112359550562,0.03160112359550562
Patrick Dorgu,Manchester United,DEF,842,0,0,0.0,0.0,0.0
Rasmus Højlund,Manchester United,FWD,2013,4,0,0.17883755588673622,0.0,0.17883755588673622
Scott McTominay,Manchester United,MID,17,0,0,0.0,0.0,0.0
Toby Collyer,Manchester United,MID,175,0,0,0.0,0.0,0.0
Tyler Fredricson,Manchester United,DEF,166,0,0,0.0,0.0,0.0
Tyrell Malacia,Manchester United,DEF,99,0,0,0.0,0.0,0.0
Victor Lindelöf,Manchester United,DEF,697,0,0,0.0,0.0,0.0
Alexander Isak,Newcastle United,FWD,2769,23,0,0.7475622968580715,0.0,0.7475622968580715
Anthony Gordon,Newcastle United,MID,2444,6,5,0.220949263502455,0.18412438625204583,0.40507364975450083
Bruno Guimarães,Newcastle United,MID,3282,5,0,0.13711151736745886,0.0,0.13711151736745886
Callum Wilson,Newcastle United,FWD,357,0,0,0.0,0.0,0.0
Dan Burn,Newcastle United,DEF,3330,1,1,0.02702702702702703,0.02702702702702703,0.05405405405405406
Emil Krafth,Newcastle United,DEF,334,0,0,0.0,0.0,0.0
Fabian Schär,Newcastle United,DEF,2937,4,0,0.12257405515832483,0.0,0.12257405515832483
Harvey Barnes,Newcastle United,MID,1755,9,4,0.46153846153846156,0.20512820512820512,0.6666666666666667
Jacob Murphy,Newcastle United,MID,2379,8,12,0.3026481715006305,0.45397225725094575,0.7566204287515763
Joe Willock,Newcastle United,MID,1074,0,2,0.0,0.16759776536312848,0.16759776536312848
Joelinton,Newcastle United,MID,2404,4,3,0.1497504159733777,0.11231281198003328,0.26206322795341097
Kieran Trippier,Newcastle United,DEF,1308,0,3,0.0,0.20642201834862386,0.20642201834862386
Lewis Hall,Newcastle United,DEF,2192,0,4,0.0,0.1642335766423358,0.1642335766423358
Lewis Miley,Newcastle United,MID,304,1,0,0.29605263157894735,0.0,0.29605263157894735
Martin Dúbravka,Newcastle United,GKP,900,0,0,0.0,0.0,0.0
Matt Targett,Newcastle United,DEF,20,0,0,0.0,0.0,0.0
Miguel Almirón,Newcastle United,MID,151,0,0,0.0,0.0,0.0
Nick Pope,Newcastle United,GKP,2520,0,0,0.0,0.0,0.0
Sandro Tonali,Newcastle United,MID,2631,4,2,0.13683010262257697,0.06841505131128849,0.20524515393386544
Sean Longstaff,Newcastle United,MID,786,0,0,0.0,0.0,0.0
Sven Botman,Newcastle United,DEF,414,0,0,0.0,0.0,0.0
Tino Livramento,Newcastle United,DEF,2842,0,1,0.0,0.03166783954961295,0.03166783954961295
William Osula,Newcastle United,FWD,124,1,0,0.7258064516129032,0.0,0.7258064516129032
Álex Moreno,Nottingham Forest,DEF,959,0,1,0.0,0.09384775808133473,0.09384775808133473
Anthony Elanga,Nottingham Forest,MID,2507,6,11,0.2153968887116075,0.39489429597128045,0.610291184682888
Callum Hudson-Odoi,Nottingham Forest,MID,2201,5,2,0.2044525215810995,0.0817810086324398,0.2862335302135393
Chris Wood,Nottingham Forest,FWD,2976,20,3,0.6048387096774193,0.09072580645161289,0.6955645161290321
Danilo,Nottingham Forest,MID,275,0,0,0.0,0.0,0.0
Elliot Anderson,Nottingham Forest,MID,2742,2,6,0.06564551422319476,0.19693654266958427,0.262582056892779
Eric da Silva Moreira,Nottingham Forest,MID,28,0,0,0.0,0.0,0.0
Harry Toffolo,Nottingham Forest,DEF,135,0,0,0.0,0.0,0.0
Ibrahim Sangaré,Nottingham Forest,MID,590,0,0,0.0,0.0,0.0
Jota Silva,Nottingham Forest,FWD,840,3,1,0.3214285714285714,0.10714285714285714,0.42857142857142855
Matz Sels,Nottingham Forest,GKP,3420,0,0,0.0,0.0,0.0
Morato,Nottingham Forest,DEF,893,0,0,0.0,0.0,0.0
Morgan Gibbs-White,Nottingham Forest,MID,2822,7,8,0.2232459248759745,0.2551381998582566,0.4783841247342311
Murillo,Nottingham Forest,DEF,3191,2,0,0.05640864932623002,0.0,0.05640864932623002
Nathan Wood,Nottingham Forest,DEF,772,0,0,0.0,0.0,0.0
Neco Williams,Nottingham Forest,DEF,2590,1,3,0.03474903474903475,0.10424710424710425,0.138996138996139
Nicolás Domínguez,Nottingham Forest,MID,1970,0,1,0.0,0.04568527918781726,0.04568527918781726
Nikola Milenkovic,Nottingham Forest,DEF,3330,5,2,0.13513513513513514,0.05405405405405406,0.1891891891891892
Ola Aina,Nottingham Forest,DEF,3003,2,1,0.05994005994005994,0.02997002997002997,0.0899100899100899
Ramón Sosa,Nottingham Forest,FWD,281,1,0,0.3202846975088968,0.0,0.3202846975088968
Ryan Yates,Nottingham Forest,MID,1904,2,0,0.09453781512605042,0.0,0.09453781512605042
Taiwo Awoniyi,Nottingham Forest,FWD,400,1,0,0.22499999999999998,0.0,0.22499999999999998
Willy-Arnaud Boly,Nottingham Forest,DEF,146,0,0,0.0,0.0,0.0
Aaron Ramsdale,Southampton,GKP,2700,0,0,0.0,0.0,0.0
Adam Lallana,Southampton,MID,356,0,2,0.0,0.5056179775280899,0.5056179775280899
Albert Grønbæk,Southampton,FWD,143,0,0,0.0,0.0,0.0
Alex McCarthy,Southampton,GKP,450,0,0,0.0,0.0,0.0
Armel Bella-Kotchap,Southampton,DEF,329,0,0,0.0,0.0,0.0
Ben Brereton,Southampton,FWD,448,0,0,0.0,0.0,0.0
Cameron Archer,Southampton,FWD,1432,2,0,0.12569832402234637,0.0,0.12569832402234637
Charlie Taylor,Southampton,DEF,353,0,0,0.0,0.0,0.0
Chiedozie Ogbene,Southampton,FWD,240,0,0,0.0,0.0,0.0
Flynn Downes,Southampton,MID,2154,1,0,0.04178272980501393,0.0,0.04178272980501393
Jack Stephens,Southampton,DEF,1394,1,0,0.06456241032998565,0.0,0.06456241032998565
James Bree,Southampton,DEF,1073,0,1,0.0,0.08387698042870456,0.08387698042870456
Jan Bednarek,Southampton,DEF,2535,2,0,0.07100591715976332,0.0,0.07100591715976332
Jay Robinson,Southampton,MID,135,0,0,0.0,0.0,0.0
Joachim Kayi-Sanda,Southampton,DEF,12,0,0,0.0,0.0,0.0
Joe Aribo,Southampton,MID,2018,3,0,0.1337958374628345,0.0,0.1337958374628345
Joe Lumley,Southampton,GKP,270,0,0,0.0,0.0,0.0
Kamaldeen Sulemana,Southampton,MID,1406,1,0,0.06401137980085349,0.0,0.06401137980085349
Kyle Walker-Peters,Southampton,DEF,2922,0,2,0.0,0.061601642710472276,0.061601642710472276
Lesley Ugochukwu,Southampton,MID,1664,1,0,0.054086538461538464,0.0,0.054086538461538464
Mason Holgate,Southampton,DEF,5,0,0,0.0,0.0,0.0
Mateus Fernandes,Southampton,MID,2919,2,4,0.061664953751284696,0.12332990750256939,0.1849948612538541
Paul Onuachu,Southampton,FWD,1044,4,0,0.3448275862068966,0.0,0.3448275862068966
Ronnie Edwards,Southampton,DEF,12,0,0,0.0,0.0,0.0
Ross Stewart,Southampton,FWD,385,1,0,0.23376623376623376,0.0,0.23376623376623376
Ryan Fraser,Southampton,MID,306,0,0,0.0,0.0,0.0
Ryan Manning,Southampton,DEF,1468,0,1,0.0,0.06130790190735695,0.06130790190735695
Sam Amo-Ameyaw,Southampton,MID,26,0,0,0.0,0.0,0.0
Samuel Edozie,Southampton,MID,64,0,0,0.0,0.0,0.0
Taylor Harwood-Bellis,Southampton,DEF,2828,1,0,0.03182461103253183,0.0,0.03182461103253183
Tyler Dibling,Southampton,FWD,1874,2,0,0.096051227321238,0.0,0.096051227321238
Welington,Southampton,DEF,480,0,0,0.0,0.0,0.0
Will Smallbone,Southampton,MID,682,1,0,0.13196480938416422,0.0,0.13196480938416422
Yukinari Sugawara,Southampton,DEF,1555,1,0,0.05787781350482315,0.0,0.05787781350482315
Alfie Dorrington,Tottenham Hotspur,DEF,13,0,0,0.0,0.0,0.0
Antonín Kinsky,Tottenham Hotspur,GKP,540,0,0,0.0,0.0,0.0
Archie Gray,Tottenham Hotspur,MID,1743,0,0,0.0,0.0,0.0
Ben Davies,Tottenham Hotspur,DEF,1330,0,0,0.0,0.0,0.0
Brandon Austin,Tottenham Hotspur,GKP,90,0,0,0.0,0.0,0.0
Brennan Johnson,Tottenham Hotspur,MID,2179,0,3,0.0,0.12391005048187241,0.12391005048187241
Cristian Romero,Tottenham Hotspur,DEF,1420,1,0,0.06338028169014084,0.0,0.06338028169014084
Dane Scarlett,Tottenham Hotspur,FWD,31,0,0,0.0,0.0,0.0
Dejan Kulusevski,Tottenham Hotspur,MID,2391,7,4,0.26348808030112925,0.15056461731493098,0.41405269761606023
Destiny Udogie,Tottenham Hotspur,DEF,1931,0,0,0.0,0.0,0.0
Djed Spence,Tottenham Hotspur,DEF,1790,1,2,0.05027932960893854,0.10055865921787709,0.15083798882681562
Dominic Solanke,Tottenham Hotspur,FWD,2206,9,3,0.3671804170444243,0.12239347234814142,0.4895738893925657
Fraser Forster,Tottenham Hotspur,GKP,630,0,0,0.0,0.0,0.0
Guglielmo Vicario,Tottenham Hotspur,GKP,2160,0,0,0.0,0.0,0.0
James Maddison,Tottenham Hotspur,MID,1816,9,7,0.4460352422907489,0.3469162995594714,0.7929515418502203
Kevin Danso,Tottenham Hotspur,DEF,843,0,0,0.0,0.0,0.0
Lucas Bergvall,Tottenham Hotspur,MID,1206,0,1,0.0,0.07462686567164178,0.07462686567164178
Mathys Tel,Tottenham Hotspur,FWD,913,2,0,0.19715224534501644,0.0,0.19715224534501644
Micky van de Ven,Tottenham Hotspur,DEF,1018,0,2,0.0,0.1768172888015717,0.1768172888015717
Mikey Moore,Tottenham Hotspur,FWD,361,0,1,0.0,0.24930747922437674,0.24930747922437674
Pape Sarr,Tottenham Hotspur,MID,1913,3,0,0.1411395713538944,0.0,0.1411395713538944
Pedro Porro,Tottenham Hotspur,DEF,2608,2,0,0.06901840490797546,0.0,0.06901840490797546
Radu Dragusin,Tottenham Hotspur,DEF,1251,0,0,0.0,0.0,0.0
Richarlison,Tottenham Hotspur,FWD,500,4,1,0.72,0.18,0.8999999999999999
Rodrigo Bentancur,Tottenham Hotspur,MID,1653,2,0,0.1088929219600726,0.0,0.1088929219600726
Sergio Reguilón,Tottenham Hotspur,DEF,195,0,0,0.0,0.0,0.0
Son Heung-Min,Tottenham Hotspur,MID,2116,7,9,0.2977315689981096,0.3827977315689981,0.6805293005671077
Timo Werner,Tottenham Hotspur,MID,508,0,3,0.0,0.5314960629921259,0.5314960629921259
Will Lankshear,Tottenham Hotspur,FWD,10,0,0,0.0,0.0,0.0
Wilson Odobert,Tottenham Hotspur,FWD,849,1,0,0.10600706713780919,0.0,0.10600706713780919
Yves Bissouma,Tottenham Hotspur,MID,1405,2,0,0.12811387900355872,0.0,0.12811387900355872
Aaron Cresswell,West Ham United,DEF,823,0,0,0.0,0.0,0.0
Aaron Wan-Bissaka,West Ham United,DEF,3154,2,5,0.05707038681039949,0.14267596702599875,0.19974635383639824
Alphonse Areola,West Ham United,GKP,2259,0,0,0.0,0.0,0.0
Andy Irving,West Ham United,MID,162,0,0,0.0,0.0,0.0
Carlos Soler,West Ham United,MID,1404,1,0,0.06410256410256411,0.0,0.06410256410256411
Crysencio Summerville,West Ham United,FWD,780,1,0,0.11538461538461539,0.0,0.11538461538461539
Danny Ings,West Ham United,FWD,270,1,2,0.3333333333333333,0.6666666666666666,1.0
Edson Álvarez,West Ham United,MID,1781,0,1,0.0,0.05053340819764178,0.05053340819764178
Emerson,West Ham United,GKP,2126,2,0,0.08466603951081843,0.0,0.08466603951081843
Evan Ferguson,West Ham United,FWD,387,1,0,0.23255813953488372,0.0,0.23255813953488372
Guido Rodríguez,West Ham United,MID,1155,0,0,0.0,0.0,0.0
James Ward-Prowse,West Ham United,MID,1440,1,2,0.0625,0.125,0.1875
Jarrod Bowen,West Ham United,MID,2979,0,8,0.0,0.2416918429003021,0.2416918429003021
Jean-Clair Todibo,West Ham United,DEF,1831,0,0,0.0,0.0,0.0
Kaelan Casey,West Ham United,DEF,1,0,0,0.0,0.0,0.0
Konstantinos Mavropanos,West Ham United,DEF,2037,0,0,0.0,0.0,0.0
Lewis Orford,West Ham United,MID,47,0,0,0.0,0.0,0.0
Lucas Paquetá,West Ham United,MID,2384,4,0,0.15100671140939598,0.0,0.15100671140939598
Luis Guilherme,West Ham United,MID,139,0,0,0.0,0.0,0.0
Lukasz Fabianski,West Ham United,GKP,1161,0,0,0.0,0.0,0.0
Maximilian Kilman,West Ham United,DEF,3349,0,1,0.0,0.026873693639892508,0.026873693639892508
Maxwel Cornet,West Ham United,MID,71,0,0,0.0,0.0,0.0
Michail Antonio,West Ham United,FWD,844,1,1,0.10663507109004738,0.10663507109004738,0.21327014218009477
Mohammed Kudus,West Ham United,MID,2601,5,3,0.17301038062283738,0.10380622837370243,0.2768166089965398
Niclas Füllkrug,West Ham United,FWD,788,3,2,0.3426395939086294,0.22842639593908629,0.5710659898477157
Ollie Scarles,West Ham United,DEF,662,0,0,0.0,0.0,0.0
Tomás Soucek,West Ham United,MID,2570,9,0,0.3151750972762646,0.0,0.3151750972762646
Vladimír Coufal,West Ham United,DEF,1061,0,0,0.0,0.0,0.0
Alfie Pond,Wolverhampton Wanderers,DEF,1,0,0,0.0,0.0,0.0
André,Wolverhampton Wanderers,MID,2484,0,0,0.0,0.0,0.0
Boubacar Traoré,Wolverhampton Wanderers,MID,1,0,0,0.0,0.0,0.0
Carlos Forbs,Wolverhampton Wanderers,MID,232,0,0,0.0,0.0,0.0
Chiquinho,Wolverhampton Wanderers,MID,6,0,0,0.0,0.0,0.0
Craig Dawson,Wolverhampton Wanderers,DEF,969,0,0,0.0,0.0,0.0
Dan Bentley,Wolverhampton Wanderers,GKP,180,0,0,0.0,0.0,0.0
Daniel Podence,Wolverhampton Wanderers,MID,46,0,0,0.0,0.0,0.0
Emmanuel Agbadou,Wolverhampton Wanderers,DEF,1411,1,0,0.06378454996456415,0.0,0.06378454996456415
Gonçalo Guedes,Wolverhampton Wanderers,MID,987,2,4,0.182370820668693,0.364741641337386,0.547112462006079
Hwang Hee-Chan,Wolverhampton Wanderers,MID,650,2,0,0.27692307692307694,0.0,0.27692307692307694
Jean-Ricner Bellegarde,Wolverhampton Wanderers,MID,1681,2,7,0.10707911957168352,0.37477691850089234,0.4818560380725759
João Gomes,Wolverhampton Wanderers,DEF,2987,3,0,0.09039169735520589,0.0,0.09039169735520589
Jørgen Strand Larsen,Wolverhampton Wanderers,FWD,2599,0,0,0.0,0.0,0.0
José Sá,Wolverhampton Wanderers,GKP,2609,0,0,0.0,0.0,0.0
Mario Lemina,Wolverhampton Wanderers,MID,1363,1,3,0.06603081438004402,0.19809244314013208,0.26412325752017607
Marshall Munetsi,Wolverhampton Wanderers,MID,1079,2,1,0.16682113067655235,0.08341056533827618,0.25023169601482853
Mateus Mané,Wolverhampton Wanderers,MID,1,0,0,0.0,0.0,0.0
Matheus Cunha,Wolverhampton Wanderers,MID,2600,15,6,0.5192307692307693,0.20769230769230768,0.726923076923077
Matt Doherty,Wolverhampton Wanderers,DEF,2113,2,1,0.08518693800283957,0.04259346900141978,0.12778040700425936
Nasser Djiga,Wolverhampton Wanderers,DEF,65,0,0,0.0,0.0,0.0
Nélson Semedo,Wolverhampton Wanderers,DEF,2891,0,4,0.0,0.12452438602559669,0.12452438602559669
Pablo Sarabia,Wolverhampton Wanderers,MID,805,3,0,0.3354037267080745,0.0,0.3354037267080745
Pedro Lima,Wolverhampton Wanderers,DEF,70,0,0,0.0,0.0,0.0
Rayan Aït-Nouri,Wolverhampton Wanderers,DEF,3127,4,7,0.11512631915574031,0.20147105852254554,0.3165973776782859
Rodrigo Gomes,Wolverhampton Wanderers,MID,797,2,0,0.22584692597239647,0.0,0.22584692597239647
Sam Johnstone,Wolverhampton Wanderers,GKP,630,0,0,0.0,0.0,0.0
Santiago Bueno,Wolverhampton Wanderers,DEF,1682,0,0,0.0,0.0,0.0
Tom King,Wolverhampton Wanderers,GKP,1,0,0,0.0,0.0,0.0
Tommy Doyle,Wolverhampton Wanderers,MID,475,0,1,0.0,0.18947368421052632,0.18947368421052632
Toti Gomes,Wolverhampton Wanderers,DEF,2615,0,0,0.0,0.0,0.0
Yerson Mosquera,Wolverhampton Wanderers,DEF,442,0,0,0.0,0.0,0.0
