Player Name,Club,Position,Minutes,Goals,Assists,goals_per90,assists_per90,ga_per90,CTS
Danny Ings,West Ham United,FWD,270,1,2,0.3333333333333333,0.6666666666666666,1.0,0.5
Romain Esse,Crystal Palace,MID,135,1,1,0.6666666666666666,0.6666666666666666,1.3333333333333333,0.5
Timo Werner,Tottenham Hotspur,MID,508,0,3,0.0,0.5314960629921259,0.5314960629921259,0.39862204724409445
Brajan Gruda,Brighton & Hove Albion,MID,681,1,4,0.13215859030837004,0.5286343612334802,0.6607929515418502,0.39647577092511016
Bukayo Saka,Arsenal,MID,1735,6,10,0.31123919308357345,0.5187319884726225,0.8299711815561959,0.38904899135446686
Adam Lallana,Southampton,MID,356,0,2,0.0,0.5056179775280899,0.5056179775280899,0.37921348314606745
Harvey Elliott,Liverpool,MID,360,1,2,0.25,0.5,0.75,0.375
Mohamed Salah,Liverpool,MID,3377,29,18,0.7728753331359194,0.47971572401539825,1.2525910571513177,0.3597867930115487
Jacob Murphy,Newcastle United,MID,2379,8,12,0.3026481715006305,0.45397225725094575,0.7566204287515763,0.34047919293820933
Savinho,Manchester City,FWD,1770,1,8,0.05084745762711864,0.4067796610169491,0.45762711864406774,0.3050847457627119
Anthony Elanga,Nottingham Forest,MID,2507,6,11,0.2153968887116075,0.39489429597128045,0.610291184682888,0.29617072197846034
Son Heung-Min,Tottenham Hotspur,MID,2116,7,9,0.2977315689981096,0.3827977315689981,0.6805293005671077,0.2870982986767486
Jean-Ricner Bellegarde,Wolverhampton Wanderers,MID,1681,2,7,0.10707911957168352,0.37477691850089234,0.4818560380725759,0.2810826888756693
Kevin De Bruyne,Manchester City,MID,1704,4,7,0.2112676056338028,0.36971830985915494,0.5809859154929577,0.27728873239436624
Gonçalo Guedes,Wolverhampton Wanderers,MID,987,2,4,0.182370820668693,0.364741641337386,0.547112462006079,0.27355623100303955
Raheem Sterling,Arsenal,MID,496,0,2,0.0,0.3629032258064516,0.3629032258064516,0.27217741935483875
Jérémy Doku,Manchester City,MID,1513,3,6,0.1784534038334435,0.356906807666887,0.5353602115003304,0.26768010575016526
Adama Traoré,Fulham,MID,1769,2,7,0.10175240248728096,0.3561334087054833,0.4578858111927643,0.2671000565291125
Carlos Alcaraz,Everton,MID,770,2,3,0.23376623376623376,0.35064935064935066,0.5844155844155844,0.262987012987013
Kiernan Dewsbury-Hall,Chelsea,MID,259,0,1,0.0,0.3474903474903475,0.3474903474903475,0.26061776061776065
James Maddison,Tottenham Hotspur,MID,1816,9,7,0.4460352422907489,0.3469162995594714,0.7929515418502203,0.2601872246696036
Abdul Fatawu,Leicester City,MID,577,0,2,0.0,0.3119584055459272,0.3119584055459272,0.2339688041594454
Ryan Sessegnon,Fulham,DEF,580,4,2,0.6206896551724138,0.3103448275862069,0.9310344827586208,0.2327586206896552
Martin Ødegaard,Arsenal,MID,2328,3,8,0.11597938144329897,0.30927835051546393,0.42525773195876293,0.23195876288659795
Jack Clarke,Ipswich Town,FWD,1170,0,4,0.0,0.3076923076923077,0.3076923076923077,0.23076923076923078
Mikkel Damsgaard,Brentford,MID,2926,2,10,0.06151742993848257,0.30758714969241285,0.36910457963089544,0.23069036226930964
Lloyd Kelly,Bournemouth,DEF,301,0,1,0.0,0.29900332225913623,0.29900332225913623,0.22425249169435219
Bruno Fernandes,Manchester United,MID,3024,8,10,0.23809523809523808,0.2976190476190476,0.5357142857142857,0.22321428571428573
Morgan Rogers,Aston Villa,MID,3129,8,10,0.23010546500479387,0.28763183125599234,0.5177372962607862,0.21572387344199426
Antonee Robinson,Fulham,DEF,3167,0,10,0.0,0.2841806125670982,0.2841806125670982,0.21313545942532366
Amad Diallo,Manchester United,MID,1901,8,6,0.3787480273540242,0.2840610205155181,0.6628090478695423,0.2130457653866386
Eberechi Eze,Crystal Palace,MID,2600,8,8,0.27692307692307694,0.27692307692307694,0.5538461538461539,0.2076923076923077
Ollie Watkins,Aston Villa,FWD,2610,16,8,0.5517241379310345,0.27586206896551724,0.8275862068965517,0.20689655172413793
Morgan Gibbs-White,Nottingham Forest,MID,2822,7,8,0.2232459248759745,0.2551381998582566,0.4783841247342311,0.19135364989369244
Mikey Moore,Tottenham Hotspur,FWD,361,0,1,0.0,0.24930747922437674,0.24930747922437674,0.18698060941828257
João Félix,Chelsea,FWD,364,1,1,0.24725274725274726,0.24725274725274726,0.4945054945054945,0.18543956043956045
Leandro Trossard,Arsenal,MID,2550,8,7,0.2823529411764706,0.24705882352941178,0.5294117647058824,0.18529411764705883
Bobby De Cordova-Reid,Leicester City,MID,742,1,2,0.12129380053908358,0.24258760107816715,0.36388140161725074,0.18194070080862537
Jarrod Bowen,West Ham United,MID,2979,0,8,0.0,0.2416918429003021,0.2416918429003021,0.18126888217522658
Conor Bradley,Liverpool,DEF,748,0,2,0.0,0.24064171122994651,0.24064171122994651,0.1804812834224599
Marcus Tavernier,Bournemouth,MID,1938,3,5,0.1393188854489164,0.23219814241486067,0.37151702786377705,0.17414860681114552
Julio Enciso,Ipswich Town,MID,1164,2,3,0.15463917525773196,0.23195876288659795,0.3865979381443299,0.17396907216494847
Niclas Füllkrug,West Ham United,FWD,788,3,2,0.3426395939086294,0.22842639593908629,0.5710659898477157,0.17131979695431473
Trent Alexander-Arnold,Liverpool,DEF,2377,3,6,0.11358855700462768,0.22717711400925536,0.34076567101388305,0.17038283550694153
Diogo Jota,Liverpool,FWD,1194,6,3,0.4522613065326633,0.22613065326633164,0.6783919597989949,0.16959798994974873
Cole Palmer,Chelsea,MID,3195,15,8,0.4225352112676056,0.22535211267605634,0.647887323943662,0.16901408450704228
Declan Rice,Arsenal,MID,2833,4,7,0.12707377338510412,0.22237910342393222,0.34945287680903636,0.16678432756794917
Dominik Szoboszlai,Liverpool,MID,2496,6,6,0.21634615384615383,0.21634615384615383,0.43269230769230765,0.1622596153846154
Enzo Fernández,Chelsea,MID,2946,6,7,0.18329938900203666,0.21384928716904275,0.3971486761710794,0.16038696537678207
Mathias Jensen,Brentford,MID,852,0,2,0.0,0.2112676056338028,0.2112676056338028,0.15845070422535212
